title,authors,publisher,published_date,page_count,categories,average_rating,language
The Art of Fiction,Walter Besant,Tidak diketahui,1885-01-01,106,Fiction,4.083333333333333,en
A Library of Famous Fiction,Tidak diketahui,Tidak diketahui,1873-01-01,1084,English fiction,4.083333333333333,en
Into The Mind : Introduction to Prose Fiction,"Dr. Sony Sukmawan, M.Pd dan Dr. Lestari Setyowati, S.Pd., M.Pd",Media Nusa Creative (MNC Publishing),1895-01-01,173,Education,4.083333333333333,id
A Century of French Fiction,Benjamin Willis Wells,Tidak diketahui,1898-01-01,418,French fiction,4.083333333333333,en
Desire and Domestic Fiction,Nancy Armstrong,Oxford University Press,1895-01-01,318,Language Arts & Disciplines,5.0,en
"Love and Sexuality in Dystopian Fiction. An Analysis of ""Brave New World"" and ""Nineteen Eighty-Four""",Lena Gräf,GRIN Verlag,1895-01-01,24,Literary Criticism,4.083333333333333,en
A History of English Prose Fiction from Sir Thomas Malory to George Eliot,Bayard Tuckerman,Tidak diketahui,1882-01-01,354,English fiction,4.083333333333333,en
Author and Title List of Fiction and Children's Stories,"Nahant Public Library, Nahant, Mass",Tidak diketahui,1895-01-01,168,Fiction,4.083333333333333,en
Fan Fiction and Fan Communities in the Age of the Internet,"Karen Hellekson, Kristina Busse",McFarland,1895-01-01,297,Literary Criticism,4.083333333333333,en
"English Prose Fiction in the Free Public Library, Newark",Newark Public Library,Tidak diketahui,1900-01-01,136,English fiction,4.083333333333333,en
Horror Fiction,Gina Wisker,A&C Black,1895-01-01,308,Literary Criticism,4.083333333333333,en
'Truth is Stranger Than Fiction',Isaac W. Ambler,Tidak diketahui,1883-01-01,394,United States,4.083333333333333,en
"The hero of the desert; or, Facts more wonderful than fiction. [With cancel title-leaf, reading] Moses, the hero of the desert",James Spong,Tidak diketahui,1874-01-01,290,Tidak diketahui,4.083333333333333,en
"Peoria Public Library List of English Fiction, French Fiction, and Juveniles","Peoria Public Library (Peoria, Ill.)",Tidak diketahui,1894-01-01,210,Children's literature,4.083333333333333,en
Crime Fiction,John Scaggs,Psychology Press,2005-01-01,192,Fiction,4.083333333333333,en
"Character Sketches of Romance, Fiction and the Drama",Ebenezer Cobham Brewer,Tidak diketahui,1896-01-01,372,Allusions,4.083333333333333,en
The Distinction of Fiction,Dorrit Cohn,JHU Press,1895-01-01,214,Literary Criticism,4.083333333333333,en
History of Prose Fiction,John Colin Dunlop,Tidak diketahui,1896-01-01,722,Fiction,4.083333333333333,en
Major Trends in the Post-independence Indian English Fiction,"B. R. Agrawal, M. P. Sinha",Atlantic Publishers & Dist,2003-01-01,300,Indic fiction (English),4.083333333333333,en
Altavona. Fact and Fiction from My Life in the Highlands,John Stuart Blackie,Tidak diketahui,1882-01-01,692,Tidak diketahui,4.083333333333333,en
Mapping human history,Steve Olson,Penerbit Serambi,2006-01-01,408,Human beings,1.0,id
The Untold History of Ottoman,Prof. Dr. Mehmet Maksudoglu,Pustaka Al-Kautsar,1895-01-01,472,History,4.083333333333333,id
Original Sanskrit Texts on the Origin and History of the People of India,"John Muir, Trübner & Co (Londres)",Tidak diketahui,1874-01-01,608,Tidak diketahui,4.083333333333333,en
History of English Literature,Hippolyte Taine,Tidak diketahui,1898-01-01,480,English literature,4.083333333333333,en
"A Century of Continental History, 1780-1880",John Holland Rose,Tidak diketahui,1900-01-01,440,Europe,4.083333333333333,en
A History of New England,"R. H. Howard, Henry E. Crocker",Tidak diketahui,1879-01-01,854,New England,4.083333333333333,en
The History of Sicily from the Earliest Times,Freeman,Tidak diketahui,1891-01-01,628,Tidak diketahui,4.083333333333333,en
History of the United States,Alma Holman Burton,Tidak diketahui,1899-01-01,460,United States,4.083333333333333,en
History of Civilization in England,Buckle,Tidak diketahui,1891-01-01,622,Tidak diketahui,4.083333333333333,en
The History of Freemasonry,Robert Freke Gould,Tidak diketahui,1886-01-01,292,Tidak diketahui,4.083333333333333,en
History of Civilization in England,Henry Thomas Buckle,Tidak diketahui,1877-01-01,522,France,4.083333333333333,en
"Merlin ; Or, the Early History of King Arthur",Henry Benjamin Wheatley,Tidak diketahui,1865-01-01,156,Arthurian romances,4.083333333333333,en
The History of the Jews,Henry Hart Milman,Tidak diketahui,1881-01-01,518,Jews,4.083333333333333,en
"The Constitutional History of England Since the Accession of George the Third, 1760-1860",Thomas Erskine May (Baron Farnborough.),Tidak diketahui,1871-01-01,554,Tidak diketahui,4.083333333333333,en
The History of the Ancient Town and Borough of Newbury in the County of Berks,Walter Money,Tidak diketahui,1887-01-01,658,Berkshire (England),4.083333333333333,en
A history of the Scottish people from the earliest times,Thomas Napier Thomson,Tidak diketahui,1893-01-01,336,Tidak diketahui,4.083333333333333,en
Implementasi G'Rotate History untuk Meningkatkan Karakter Gotongroyong dan Keterampilan Berkomunikasi Peserta Didik,Wulan Dwi Aryani,Wulan Dwi Aryani,1895-01-01,213,Antiques & Collectibles,4.083333333333333,id
The History of the Reformation of Religion Within the Realm of Scotland,John Knox,Tidak diketahui,1899-01-01,400,Reformation,4.083333333333333,en
A Short History of German Literature,Hosmer,Tidak diketahui,1892-01-01,630,Tidak diketahui,4.083333333333333,en
"Animal Plagues; Their History, Nature, and Prevention",George Fleming (Veterinary Surgeon.),Tidak diketahui,1882-01-01,560,Tidak diketahui,4.083333333333333,en
MODEL PEMBELAJARAN CITIZEN SCIENCE PROJECT,"Adnan, St. Saenab, Rahmatullah, Rifka Almunawarah, Sahla Sahira, Suhardi Aldi",Penerbit P4I,1895-01-01,150,Education,4.083333333333333,id
PENGANTAR DATA SCIENCE: MENGUBAH BIG DATA MENJADI KEPUTUSAN STRATEGIS,"Melda Agnes Manuhutu, Al Hujjah Asianingrum, Ashari Wicaksono, Mohammad Givi Efgivia, Rifqi Aulya Rahman, Selvi Annisa, Eni Heni Hermaliani, Nur Hasanah, Achmad Maududie, Anastasia Adelia Evangeline, Chandra Dewi Kurnianingtyas, Sigit Dwi Prabowo",Penerbit Widina,1895-01-01,276,Computers,4.083333333333333,id
Why? The Science of Cooking - Sains dalam Memasak,YeaRimDang,Elex Media Komputindo,1895-01-01,164,Cooking,4.083333333333333,id
The Dismal Science,William Dillon,Tidak diketahui,1882-01-01,276,Economics,4.083333333333333,en
English Mechanic and Mirror of Science and Art,Tidak diketahui,Tidak diketahui,1893-01-01,634,Technology,4.083333333333333,en
Journal of Social Science,Tidak diketahui,Tidak diketahui,1890-01-01,370,Social sciences,4.083333333333333,en
Gunton's Magazine of Practical Economics and Political Science,Tidak diketahui,Tidak diketahui,1894-01-01,366,Social sciences,4.083333333333333,en
The Dublin Journal of Medical Science,Tidak diketahui,Tidak diketahui,1891-01-01,574,Medicine,4.083333333333333,en
"Evolution in Science, Philosophy, and Art",Brooklyn Ethical Association,Tidak diketahui,1891-01-01,506,Evolution,4.083333333333333,en
Proceedings of the American Association for the Advancement of Science,American Association for the Advancement of Science,Tidak diketahui,1872-01-01,508,Science,4.083333333333333,en
"Chambers's Journal of Popular Literature, Science and Arts",Tidak diketahui,Tidak diketahui,1890-01-01,944,Tidak diketahui,4.083333333333333,en
"The Canadian Magazine of Politics, Science, Art and Literature",Tidak diketahui,Tidak diketahui,1900-01-01,592,Periodicals,4.083333333333333,en
"A doubter's doubts about science and religion, by a criminal lawyer [sir R. Anderson].",Robert Anderson,Tidak diketahui,1889-01-01,192,Tidak diketahui,4.083333333333333,en
"Mr. Lockyer's Logic. [A Criticism of His ""Science Primers. Astronomy"".] Dedicated to the Members of the London School Board",William Carpenter (of Greenwich.),Tidak diketahui,1876-01-01,24,Astronomy,4.083333333333333,en
The Proceedings of the Iowa Academy of Science,Iowa Academy of Science,Tidak diketahui,1897-01-01,308,Science,4.083333333333333,en
Chemical News and Journal of Industrial Science,Tidak diketahui,Tidak diketahui,1899-01-01,662,Chemistry,4.083333333333333,en
"The Saturday Review of Politics, Literature, Science and Art",Tidak diketahui,Tidak diketahui,1881-01-01,1040,Tidak diketahui,4.083333333333333,en
Science of Synthesis: Houben-Weyl Methods of Molecular Transformations Vol. 8a,"Marek Majewski, Victor Snieckus",Thieme,1895-01-01,1604,Science,4.083333333333333,en
"Global Innovation Science Handbook, Chapter 48 - Financial Innovation","Michael Gorham, Siva Balasubramanian",McGraw Hill Professional,1895-01-01,24,Business & Economics,4.083333333333333,en
Pengantar Data Science,Muhammad Afdan Rojabi,Afdan Rojabi Publisher,1895-01-01,35,Computers,4.083333333333333,id
Biography Exemplary and Instructive,William Chambers,Tidak diketahui,1873-01-01,322,Biography,4.083333333333333,en
Margareth Thatcher: Authorized Biography,Charles Moore,Bentang Pustaka,1895-01-01,1336,Biography & Autobiography,4.083333333333333,id
Reading Biography,Carl Rollyson,iUniverse,2004-01-01,85,Biography & Autobiography,4.083333333333333,en
A Companion to Literary Biography,Richard Bradford,John Wiley & Sons,1895-01-01,628,Biography & Autobiography,4.083333333333333,en
30 Biography Book Reports,Deborah Rovin-Murphy,Scholastic Inc.,1895-01-01,52,Education,4.083333333333333,en
Pennsylvania Magazine of History and Biography,Tidak diketahui,Tidak diketahui,1887-01-01,558,Tidak diketahui,4.083333333333333,en
"The Auto-biography of Goethe: The concluding books, also Letters from Switzerland, and Travels in Italy",Johann Wolfgang von Goethe,Tidak diketahui,1874-01-01,560,Italy,4.083333333333333,en
Essays in Ecclesiastical Biography,Sir James Stephen,Tidak diketahui,1875-01-01,702,Christian biography,4.083333333333333,en
Appleton's Cyclopædia of American Biography,"James Grant Wilson, John Fiske",Tidak diketahui,1887-01-01,834,America,4.083333333333333,en
"Album of History and Biography of Meeker County, Minnesota",Brookhaven Press,Tidak diketahui,1888-01-01,602,History,4.083333333333333,en
The Challenge of Feminist Biography,Sara Alpern,University of Illinois Press,1992-01-01,230,Social Science,4.083333333333333,en
The Virginia Magazine of History and Biography,"Philip Alexander Bruce, William Glover Stanard",Tidak diketahui,1897-01-01,534,Virginia,4.083333333333333,en
"The Standard American Encyclopedia of Arts, Sciences, History, Biography, Geography, Statistics, and General Knowledge ...",John Clark Ridpath,Tidak diketahui,1897-01-01,478,Encyclopedias and dictionaries,4.083333333333333,en
British Musical Biography,"James Duff Brown, Stephen Samuel Stratton",Tidak diketahui,1897-01-01,498,Music,4.083333333333333,en
"Sonia Kovalevsky, biography and autobiography. i. Memoir by A.C. Leffler. ii. Reminiscences of childhood, written by herself. Tr. by L. von Cossel",Anne Charlotte del Pezzo (duchessa di Cajanello.),Tidak diketahui,1895-01-01,356,Tidak diketahui,4.083333333333333,en
Universal Pronouncing Dictionary of Biography and Mythology,Joseph Thomas,Tidak diketahui,1873-01-01,826,Biography,4.083333333333333,en
The McGraw-Hill Encyclopedia of World Biography,Tidak diketahui,Tidak diketahui,1973-01-01,620,Biography,4.083333333333333,en
Matthias Weckmann: A study of performance practice ; Biography and social aspects ; Manuscripts ; Aspects of interpretation ; Analysis,Hans Davidsson,Tidak diketahui,1991-01-01,208,Organ music,4.083333333333333,en
"William Caxton, the first English printer: a biography",Knight Charles 1791-1873,Tidak diketahui,1877-01-01,168,Tidak diketahui,4.083333333333333,en
Harpers' Popular Cyclopædia of United States History,Benson John Lossing,Tidak diketahui,1882-01-01,832,United States,4.083333333333333,en
"Green Technology : Konsep, Prinsip, dan Aplikasi","Dwi Diana Wazaumi, Raden Rara Kartika Kusuma Winahyu, Luthfi Atikah, Rosa Eliviani",PT. Sonpedia Publishing Indonesia,1895-01-01,116,Business & Economics,4.083333333333333,id
GREEN TECHNOLOGY : Penerapan Teknologi Ramah Lingkungan Berbagai Bidang,"Zainal Arifin, Made Suci Ariantini, I Gede Iwan Sudipa, Ramadhani Chaniago, Suryani, Arif Devi Dwipayana, Adriani, Iwan Adhicandra, Anak Agung Gede Bagus Ariana, Rahmania, Maria Lusiana Yulianti, Nini Apriani Rumata, Taty Alfiah",PT. Sonpedia Publishing Indonesia,1895-01-01,207,Education,4.083333333333333,id
Manual of Chemical Technology,Johannes Rudolf Wagner,Tidak diketahui,1895-01-01,1004,"Chemistry, Technical",4.083333333333333,en
GREEN TECHNOLOGY INNOVATION : Transformasi Teknologi Ramah Lingkungan berbagai Sektor,"Hotnida Nainggolan, Rini Nuraini, Sepriano Sepriano, I Wayan Tanjung Aryasa, Araz Meilin, Iwan Adhicandra, M. Afdhal Chatra P, Elisa Putri, Ar. Andiyan, Heri Prayitno",PT. Sonpedia Publishing Indonesia,1895-01-01,176,Technology & Engineering,5.0,id
Thinking Through Technology,Carl Mitcham,University of Chicago Press,1895-01-01,410,Philosophy,4.0,en
"Financial Technology, Teknologi Dan Inovasi Keuangan Tanpa Batas Dalam Industri Financial","Eko Setyanto, S.E., M.Ak. dan Rini Handayani, S.E., M.I.L., M.M.",Diandra Kreatif,1895-01-01,100,Business & Economics,4.083333333333333,id
The technology of bacteria investigation; explicit directions for the,Charles Sumner Dolley,Tidak diketahui,1885-01-01,288,Tidak diketahui,4.083333333333333,en
Valuasi Nilai Wajar Semua Saham (28) Sector Technology dari 2020-2022 (30 September 2022) Di Bursa Efek Indonesia,Buddy Setianto,BSK Capital,1895-01-01,193,Business & Economics,4.083333333333333,id
Emerging Technologies in Business. Thin Client Technology,Tina Mußtopf,GRIN Verlag,1895-01-01,12,Business & Economics,4.083333333333333,en
"Children, Technology, and Culture","Ian Hutchby, Jo Moran-Ellis",Psychology Press,2001-01-01,212,Education,4.083333333333333,en
Positive Impact of Adopting Information Technology in Enhancing Organizational Behavior of Emirates Airline,Caroline Mutuku,GRIN Verlag,1895-01-01,17,Business & Economics,4.083333333333333,en
International Library of Technology,Tidak diketahui,Tidak diketahui,1905-01-01,538,Machine-shop practice,4.083333333333333,en
Technology Reports,Tōhoku Daigaku,Tidak diketahui,1930-01-01,756,Technology,4.083333333333333,en
"Edinburgh Journal of Science, Technology and Photographic Art",Tidak diketahui,Tidak diketahui,1929-01-01,698,Tidak diketahui,4.083333333333333,en
A Textbook of Glass Technology,"Frederick William Hodkin, Arnold Cousen",Tidak diketahui,1925-01-01,614,Science,4.083333333333333,en
Food Processing and Technology - 1989,Tidak diketahui,Tidak diketahui,1990-01-01,36,Food,4.083333333333333,en
Use of QCM Technology for Measuring Barrier Properties of Biodegradable Packaging Material,Nitin Gulati,Tidak diketahui,2008-01-01,224,Diffusion,4.083333333333333,en
The Chemistry and Technology of Paints,Maximilian Toch,Tidak diketahui,1925-01-01,436,Paint,4.083333333333333,en
The Chemistry and Technology of Mixed Paints,Maximilian Toch,Tidak diketahui,1907-01-01,226,Color,4.083333333333333,en
Technology Review,Tidak diketahui,Tidak diketahui,1926-01-01,622,Electronic journals,4.083333333333333,en
Fantasy Gate | Penerbit EBIZ,Valensius Romeo Alberto,Penerbit EBIZ ,1895-01-01,192,Comics & Graphic Novels,4.083333333333333,id
Tales of Fantasy and Fact,Brander Matthews,Tidak diketahui,1896-01-01,238,Tidak diketahui,4.083333333333333,en
Fantasy Football and Mathematics,Dan Flockhart,John Wiley & Sons,1895-01-01,225,Education,4.083333333333333,en
Maximum Fantasy with Photoshop + CD,Tidak diketahui,Elex Media Komputindo,1895-01-01,148,Tidak diketahui,4.083333333333333,id
A Midnight Fantasy,Thomas Bailey Aldrich,Tidak diketahui,1877-01-01,104,Hamlet (Legendary character),4.083333333333333,en
Fantasy & Science Fiction,Tidak diketahui,Tidak diketahui,1993-01-01,508,Fantasy fiction,4.083333333333333,en
"Fantasy, tr. by H. Harland & P. Sylvester",Matilde Serao,Tidak diketahui,1891-01-01,324,Tidak diketahui,4.083333333333333,en
"Modern Mystery, Fantasy, and Science Fiction Writers",Bruce Cassiday,Burns & Oates,1993-01-01,710,Literary Criticism,4.083333333333333,en
"Final Fantasy Lost Stranger, Chapter 56",Hazuki Minase,Yen Press LLC,1895-01-01,30,Comics & Graphic Novels,4.083333333333333,en
Fantasy,Tidak diketahui,Tidak diketahui,1935-01-01,924,Tidak diketahui,4.083333333333333,en
Fluent in Fantasy,Diana Tixier Herald,Libraries Unlimited,1895-01-01,284,Language Arts & Disciplines,4.083333333333333,en
Fiction and Fantasy of German Romance,"Frederick Erastus Pierce, Carl Frederick Schreiber",Tidak diketahui,1927-01-01,408,English literature,4.083333333333333,en
"SF, the Year's Greatest Science Fiction and Fantasy",Tidak diketahui,Tidak diketahui,1956-01-01,362,Science fiction,4.083333333333333,en
Fragments of Fantasy,Donalda Margaret MacKinnon Sage,Tidak diketahui,1928-01-01,16,Canadian poetry,4.083333333333333,en
The Best from Fantasy and Science Fiction,Robert Park Mills,Tidak diketahui,1955-01-01,264,Fantasy fiction,4.083333333333333,en
1992 Fantasy Football Digest,Cliff Charpentier,Lerner Publishing Group,1992-01-01,374,Games & Activities,4.083333333333333,en
Final Fantasy VIII Official Strategy Guide,David Cassady,BradyGames,1999-01-01,274,Games & Activities,4.5,en
"Comedy, Fantasy and Colonialism",Graeme Harper,Continuum,1895-01-01,264,History,4.083333333333333,en
The Perceptionalist,Edward John Hamilton,Tidak diketahui,1899-01-01,468,Psychology,4.083333333333333,en
Poems of Fantasy,Walter Hull,Tidak diketahui,1916-01-01,74,Tidak diketahui,4.083333333333333,en
Medical Romance May 2025 Books 1-6,"Tina Beckett, JC Harroway, Luana DaRosa, Annie Claydon, Kristine Lynn, Amy Blythe",HarperCollins UK,1895-01-01,1041,Fiction,4.083333333333333,en
Modern Romance February 2025 Books 5-8: His Enemy's Italian Surrender / Royal Fiancée Required / Engaged in Deception / After-Hours Proposal,"Sharon Kendrick, Kali Anthony, Kim Lawrence, Trish Morey",HarperCollins UK,1895-01-01,693,Fiction,4.083333333333333,en
The Blithedale romance (1876),Nathaniel Hawthorne,Tidak diketahui,1876-01-01,300,Tidak diketahui,4.083333333333333,en
A Paradise of English Poetry: Romance,Henry Charles Beeching,Tidak diketahui,1893-01-01,396,English poetry,4.083333333333333,en
The Pirate: A Hostage Romance,Amelia Wilde,Amelia Wilde,1895-01-01,531,Fiction,4.083333333333333,en
A Riverside Romance,Mrs. Edward Kennard,Tidak diketahui,1898-01-01,328,Tidak diketahui,4.083333333333333,en
Romance Writing,Lynne Pearce,Polity,1895-01-01,228,Language Arts & Disciplines,4.083333333333333,en
A Romance of Two Worlds,Marie Corelli,Tidak diketahui,1896-01-01,414,Healing,4.083333333333333,en
Contarini Fleming: a romance. The rise of Iskander,Benjamin Disraeli,Tidak diketahui,1890-01-01,510,Tidak diketahui,4.083333333333333,en
"The Dolliver romance, and kindred tales",Nathaniel Hawthorne,Tidak diketahui,1900-01-01,494,Tidak diketahui,4.083333333333333,en
"Sister Martha, Or, A Romance of the Franco-Prussian War",Benjamin Wilson (Curate of Fordham.),Tidak diketahui,1871-01-01,358,Tidak diketahui,4.083333333333333,en
"The celebrated romance of The stealing of the mare, tr. from the Arab. [of Abû Zaid al-Hilâlî] by lady A. Blunt, done into verse by W.S. Blunt",Abû Zaid (al-Hilâlî.),Tidak diketahui,1892-01-01,148,Tidak diketahui,4.083333333333333,en
The Romance Languages,Rebecca Posner,Cambridge University Press,1895-01-01,404,Language Study,4.083333333333333,en
A Sherburne Romance,Amanda M. Douglas,Tidak diketahui,1895-01-01,424,Children's stories,4.083333333333333,en
Modern Romance January 2024 Books 1-4: The Baby His Secretary Carries (Bound by a Surrogate Baby) / The Italian's Pregnant Enemy / His Last-Minute Desert Queen / A Vow to Redeem the Greek,"Dani Collins, Maisey Yates, Annie West, Jackie Ashenden",HarperCollins UK,1895-01-01,695,Fiction,4.083333333333333,en
"Rum, Romance & Rebellion",Charles William Taussig,Tidak diketahui,1928-01-01,336,New England,4.083333333333333,en
Comparative Romance Linguistics Newsletter,Tidak diketahui,Tidak diketahui,2003-01-01,100,Contrastive linguistics,4.083333333333333,en
"The Romance of a Bookshop, 1904-1929",Gilbert Henry Fabes,Tidak diketahui,1929-01-01,90,Booksellers and bookselling,4.083333333333333,en
"The Marble Faun, Or The Romance of Monte Beni",Nathaniel Hawthorne,Tidak diketahui,1895-01-01,380,Tidak diketahui,4.083333333333333,en
North Carolina Studies in the Romance Languages and Literatures,Tidak diketahui,Tidak diketahui,1976-01-01,548,Romance philology,4.083333333333333,en
Mystery of Amazon,Windy Marthinda,Voila Publisher,1895-01-01,131,Young Adult Fiction,4.083333333333333,id
The Mystery Readers' Advisory,"John Charles, Joanna Morrison, Candace Clark",American Library Association,2002-01-01,244,Language Arts & Disciplines,4.083333333333333,en
The Excellent Mystery,Lord Pimlico,Tidak diketahui,1888-01-01,84,Marriage,4.083333333333333,en
The Mystery of Metropolisville,Edward Eggleston,Tidak diketahui,1873-01-01,332,Fiction,4.083333333333333,en
"The ""Mystery of History"", its Functionalisation and Disintegration in Graham Swift’s ""Waterland""",Thorben Höppner,GRIN Verlag,1895-01-01,20,Literary Criticism,4.083333333333333,en
"The Mystery of Growth, and Other Discourses",Edward White,Tidak diketahui,1877-01-01,400,Christian life,4.083333333333333,en
Art Show Mystery,Eleanor Robins,Saddleback Educational Publ,1895-01-01,52,Juvenile Fiction,4.083333333333333,en
The Mystery of the Temptation,William Henry Hutchings,Tidak diketahui,1875-01-01,320,Christian biography,4.083333333333333,en
"Star-flowers, a Poem of the Woman's Mystery",Thomas Lake Harris,Tidak diketahui,1886-01-01,132,Women,4.083333333333333,en
The Mystery of Mirbridge,James Payn,Tidak diketahui,1888-01-01,308,Tidak diketahui,4.083333333333333,en
The Mystery of Dudley Horne,Florence Warden,Tidak diketahui,1897-01-01,324,England,4.083333333333333,en
Case Closed #1: Mystery in the Mansion,Lauren Magaziner,HarperCollins,1895-01-01,466,Juvenile Fiction,5.0,en
The Gerrard Street Mystery,John Charles Dent,Rose,1888-01-01,212,Canadian fiction,4.083333333333333,en
The Mystery of Kingswood,A. F. Hopkinson,Tidak diketahui,1888-01-01,390,Tidak diketahui,4.083333333333333,en
Ellery Queen's The Four of Hearts Mystery,William Roos,Tidak diketahui,1949-01-01,100,Tidak diketahui,4.083333333333333,en
"Barnaby Rudge, Master Humphrey's clock, and The mystery of Edwin Drood",Charles Dickens,Tidak diketahui,1894-01-01,660,Tidak diketahui,4.083333333333333,en
An Illustrated Encyclopedia of Mysticism and the Mystery Religions,John Ferguson,Tidak diketahui,1977-01-01,238,"Mysteries, Religious",4.083333333333333,en
The Mystery Girl,Carolyn Wells,Tidak diketahui,1922-01-01,360,Detective and mystery stories,4.083333333333333,en
The Mystery of the 13th Floor,Lee Thayer,Tidak diketahui,1919-01-01,428,Tidak diketahui,4.083333333333333,en
Library of The World's Best MYSTERY AND DETECTIVE STORIES,JULIAN HAWTHORNE,Tidak diketahui,1908-01-01,320,Tidak diketahui,4.083333333333333,en
